aX,aY,aZ,gX,gY,gZ
0.718,-1.816,0.588,43.030,17.395,-89.844
0.810,-2.088,0.849,20.752,22.949,-59.326
0.875,-2.409,1.146,-8.057,32.837,-35.217
0.871,-2.790,1.457,-34.790,41.138,-17.456
0.831,-3.285,1.730,-39.185,44.373,9.949
0.764,-3.571,2.047,-24.231,60.059,69.519
0.630,-3.385,2.177,8.057,108.398,156.311
0.361,-2.717,2.020,70.190,158.020,240.723
0.022,-1.950,1.911,135.193,179.932,293.274
-0.193,-1.482,1.882,181.458,189.026,310.669
-0.172,-1.136,1.631,227.173,198.486,315.063
-0.274,-0.894,1.511,277.039,202.393,319.641
-0.289,-0.725,1.310,295.898,202.026,321.838
-0.395,-0.663,1.246,282.410,214.355,332.520
-0.703,-0.593,1.366,258.789,240.784,363.953
-0.797,-0.495,0.930,264.526,279.114,416.931
-1.057,-0.200,0.160,288.574,296.387,477.905
-1.366,0.259,-0.358,284.607,282.715,516.479
-1.578,0.845,-0.675,256.836,253.845,527.222
-1.571,1.287,-1.208,246.216,233.215,496.277
-1.447,1.791,-1.512,243.652,218.506,417.358
-1.704,2.310,-1.543,228.638,208.557,303.833
-2.388,2.895,-1.556,226.379,219.788,174.683
-3.299,3.573,-1.845,226.379,231.812,43.701
-3.920,4.000,-2.196,211.792,201.782,-76.782
-3.949,4.000,-2.399,174.011,120.483,-150.879
-3.279,4.000,-2.245,95.703,10.193,-149.536
-2.136,3.445,-1.682,-26.550,-89.539,-81.055
-0.833,2.465,-0.981,-147.400,-158.020,5.066
0.482,1.331,-0.441,-217.102,-191.223,49.194
1.672,0.141,-0.114,-225.098,-190.430,30.762
2.704,-1.080,0.103,-189.880,-168.335,-21.240
3.286,-1.773,0.081,-134.216,-127.991,-59.875
3.349,-2.075,-0.210,-81.726,-78.125,-78.125
3.002,-2.029,-0.607,-39.978,-33.142,-79.163
2.349,-1.705,-0.914,-9.399,-3.357,-68.054
1.566,-1.207,-1.165,12.451,11.047,-55.664
0.872,-0.618,-1.383,31.128,11.414,-43.213
0.349,-0.005,-1.488,34.058,-2.869,-25.757
-0.076,0.534,-1.432,12.695,-28.503,-3.906
-0.234,0.890,-1.312,-10.376,-53.833,15.869
-0.254,1.102,-1.152,-25.208,-67.505,18.616
-0.201,1.209,-1.001,-34.241,-73.486,4.517
-0.081,1.233,-0.942,-29.602,-75.562,-20.386
0.084,1.138,-0.935,-19.714,-75.745,-54.993
0.219,0.928,-0.960,-17.761,-75.378,-94.177
0.292,0.644,-0.965,-24.963,-76.355,-131.348
0.370,0.334,-0.953,-37.109,-80.322,-157.410
0.480,0.041,-0.946,-54.199,-90.759,-158.020
0.630,-0.248,-0.735,-86.914,-110.352,-125.183
0.822,-0.452,-0.470,-127.502,-121.948,-61.646
0.948,-0.425,-0.303,-160.645,-119.202,14.343
1.044,-0.214,-0.231,-173.828,-116.150,83.374
1.137,0.067,-0.285,-168.396,-113.525,124.146
1.157,0.337,-0.288,-157.471,-111.206,124.939
1.145,0.485,-0.328,-136.414,-109.680,88.135
1.211,0.544,-0.400,-106.079,-109.802,22.217
1.219,0.501,-0.406,-80.750,-112.122,-64.697
1.075,0.357,-0.334,-67.383,-118.530,-155.823
0.891,0.119,-0.221,-63.477,-125.488,-226.990
0.765,-0.223,-0.056,-76.843,-123.657,-260.193
0.722,-0.627,0.094,-102.905,-101.074,-246.582
0.683,-0.750,0.136,-122.925,-65.735,-189.941
0.692,-0.629,0.037,-123.352,-36.743,-114.319
0.731,-0.415,-0.114,-111.389,-22.949,-48.828
0.783,-0.242,-0.190,-104.004,-25.635,-13.733
0.874,-0.195,-0.116,-99.731,-40.771,-12.085
0.925,-0.210,0.031,-85.693,-56.946,-32.043
0.920,-0.248,0.084,-60.913,-64.209,-62.256
0.931,-0.275,0.026,-41.077,-62.683,-91.553
0.914,-0.268,-0.047,-33.142,-56.946,-114.563
0.896,-0.388,-0.077,-35.217,-52.124,-131.470
0.865,-0.603,0.040,-39.063,-48.096,-139.404
0.831,-0.784,0.125,-35.950,-43.274,-132.507
0.815,-0.896,0.134,-30.029,-42.847,-68.298
0.861,-0.802,0.050,-33.142,-39.856,-27.283
0.942,-0.635,0.087,-40.405,-34.363,-1.221
1.019,-0.456,0.174,-44.861,-26.733,0.183
1.026,-0.387,0.180,-39.124,-16.907,-24.048
0.954,-0.411,0.083,-26.245,-7.812,-61.401
0.839,-0.427,0.000,-14.954,-5.005,-97.534
0.752,-0.456,-0.067,-6.958,-8.911,-127.686
0.663,-0.669,-0.144,-4.333,-16.174,-149.658
0.597,-1.060,-0.119,-10.559,-18.860,-152.161
0.528,-1.219,-0.060,-23.682,-13.794,-120.178
0.531,-1.148,-0.028,-36.255,-10.437,-64.514
0.584,-1.004,-0.021,-43.518,-10.315,-13.611
0.654,-0.868,-0.007,-45.654,-8.789,15.137
0.691,-0.736,0.026,-41.443,-6.165,22.644
0.708,-0.673,0.008,-26.978,-4.700,10.742
0.693,-0.657,-0.061,-9.338,-5.066,-12.634
0.645,-0.644,-0.132,5.371,-8.118,-37.659
0.618,-0.623,-0.179,15.259,-14.648,-56.458
0.616,-0.569,-0.203,17.334,-21.912,-66.650
0.616,-0.512,-0.217,12.573,-27.283,-71.228
0.601,-0.520,-0.231,0.977,-30.151,-72.449
0.582,-0.651,-0.211,-15.625,-31.555,-68.970
0.601,-0.865,-0.062,-33.081,-30.884,-54.993
0.626,-0.936,0.070,-44.312,-22.766,-29.053
0.661,-0.932,0.115,-45.715,-12.512,-1.282
0.711,-0.864,0.095,-37.720,-5.554,19.653
0.748,-0.775,0.042,-25.330,-1.404,27.039
0.747,-0.720,-0.004,-13.123,-2.441,19.653
0.735,-0.691,-0.039,-2.930,-6.897,4.700
0.723,-0.669,-0.063,6.958,-12.207,-11.353
0.716,-0.653,-0.071,13.550,-17.151,-26.489
0.711,-0.647,-0.068,15.869,-20.691,-38.452
0.704,-0.651,-0.067,13.550,-23.193,-45.593
0.682,-0.677,-0.063,7.202,-23.621,-46.631
0.667,-0.711,-0.055,-1.709,-22.461,-41.138
0.677,-0.775,-0.011,-11.047,-19.775,-30.823
0.676,-0.804,0.035,-17.029,-14.893,-19.104
0.669,-0.813,0.047,-16.724,-11.353,-8.057
0.664,-0.778,0.009,-12.024,-10.254,-0.427
0.675,-0.726,0.001,-8.362,-10.376,2.930
0.691,-0.676,0.016,-6.836,-10.559,1.343
0.696,-0.648,0.015,-5.981,-9.583,-4.578
0.688,-0.660,0.009,-3.906,-9.033,-13.916
0.678,-0.692,0.012,-3.601,-9.705,-20.996

1.032,-1.354,0.749,-0.427,3.906,-9.277
1.135,-1.675,1.003,-3.845,5.310,-11.230
1.236,-2.001,1.326,-5.371,7.263,-6.348
1.361,-2.425,1.743,-4.822,9.583,6.592
1.494,-2.905,2.253,-0.061,16.785,35.767
1.514,-3.142,2.690,19.409,34.424,88.318
1.429,-2.974,3.044,55.420,59.082,155.090
1.259,-2.588,3.255,109.009,90.454,217.468
0.996,-1.959,3.108,175.842,135.254,259.033
0.673,-1.323,2.771,224.609,189.880,274.658
0.210,-0.889,2.419,237.549,240.845,272.705
-0.318,-0.770,2.006,227.356,289.246,269.714
-0.721,-0.824,1.432,210.388,334.900,282.715
-0.952,-0.869,0.835,174.255,360.901,318.237
-1.034,-0.941,0.391,119.751,369.080,360.779
-1.022,-1.114,0.169,70.740,367.737,398.437
-0.859,-1.175,0.115,51.819,365.479,429.016
-0.681,-0.982,-0.188,87.341,375.732,441.040
-0.880,-0.573,-0.403,146.912,403.870,415.161
-1.572,0.046,-0.379,211.243,454.407,344.849
-2.921,1.194,-0.655,312.073,524.292,230.713
-4.000,2.926,-1.298,444.824,576.050,84.290
-4.000,4.000,-2.365,537.231,543.945,-63.293
-4.000,4.000,-3.988,512.268,382.812,-143.311
-4.000,4.000,-4.000,315.125,157.410,-134.949
-3.920,4.000,-3.656,-33.081,-34.302,-80.017
-2.534,3.298,-1.078,-370.117,-217.834,4.150
-0.834,1.215,0.893,-508.301,-368.408,77.026
0.966,0.182,1.762,-455.078,-413.513,126.953
2.666,-0.273,1.795,-337.158,-345.459,134.888
3.911,-0.702,1.500,-213.928,-231.445,70.435
4.000,-1.216,1.119,-105.530,-129.700,-45.410
3.718,-1.647,0.662,-9.949,-41.504,-156.982
2.911,-1.746,0.003,69.214,36.438,-222.412
1.986,-1.521,-0.735,117.004,85.938,-234.436
1.040,-1.127,-1.350,131.287,99.304,-210.083
0.309,-0.695,-1.809,114.258,84.839,-160.339
-0.173,-0.235,-1.981,65.552,49.622,-87.769
-0.403,0.207,-1.911,-5.127,1.038,-6.775
-0.457,0.573,-1.671,-75.378,-46.204,62.378
-0.416,0.844,-1.414,-122.131,-82.458,105.225
-0.289,1.015,-1.195,-138.672,-107.971,117.554
-0.132,1.114,-1.076,-129.883,-124.207,101.379
0.043,1.105,-1.049,-106.934,-133.179,61.340
0.222,0.975,-1.060,-82.153,-137.573,9.766
0.339,0.715,-1.009,-67.749,-138.306,-41.870
0.399,0.369,-0.877,-63.477,-135.803,-85.144
0.459,0.045,-0.710,-63.110,-134.277,-113.464
0.560,-0.176,-0.535,-64.453,-133.484,-121.643
0.652,-0.294,-0.431,-64.819,-133.362,-109.924
0.695,-0.315,-0.458,-68.665,-134.033,-85.693
0.755,-0.234,-0.512,-81.421,-137.085,-56.274
0.821,-0.145,-0.449,-103.210,-145.325,-30.701
0.849,-0.105,-0.246,-117.676,-153.992,-16.968
0.892,-0.072,-0.054,-117.493,-155.151,-14.709
0.975,0.060,-0.033,-104.797,-145.203,-22.034
1.021,0.169,-0.096,-79.407,-130.432,-50.964
0.973,0.172,-0.133,-59.753,-120.422,-101.807
0.837,-0.041,-0.112,-45.044,-114.380,-156.250
0.675,-0.492,-0.076,-39.185,-107.971,-191.956
0.600,-0.836,-0.056,-45.044,-96.802,-184.570
0.594,-0.876,-0.024,-62.256,-91.187,-128.479
0.616,-0.731,-0.034,-85.388,-88.074,-48.157
0.643,-0.496,-0.036,-112.305,-79.773,27.161
0.689,-0.244,-0.072,-132.996,-71.838,79.773
0.837,-0.050,-0.075,-140.625,-72.449,96.008
1.002,0.099,0.046,-133.240,-85.510,71.350
1.065,0.157,0.241,-111.450,-98.328,6.409
0.994,0.059,0.301,-74.707,-97.412,-82.947
0.840,-0.140,0.185,-35.095,-89.600,-166.565
0.678,-0.539,0.071,-13.184,-84.778,-217.407
0.585,-0.929,0.085,-15.320,-76.782,-216.125
0.564,-1.092,0.196,-34.729,-60.303,-161.072
0.612,-1.039,0.254,-59.448,-45.349,-78.369
0.726,-0.853,0.248,-79.224,-37.354,-1.038
0.833,-0.630,0.295,-85.022,-35.828,42.419
0.971,-0.464,0.407,-76.477,-40.833,36.804
1.035,-0.374,0.449,-48.279,-45.654,-7.690
0.990,-0.382,0.364,-13.245,-45.959,-73.181
0.878,-0.472,0.234,13.000,-40.833,-138.123
0.723,-0.543,0.119,23.804,-38.818,-180.908
0.596,-0.687,0.043,18.066,-40.955,-195.984
0.533,-0.967,0.032,-2.197,-39.612,-181.641
0.524,-1.170,0.110,-27.893,-31.006,-136.475
0.583,-1.149,0.176,-50.537,-18.494,-68.481
0.667,-0.992,0.171,-62.805,-10.803,-1.709
0.740,-0.837,0.184,-65.979,-8.362,31.616
0.768,-0.767,0.230,-57.556,-13.977,25.513
0.750,-0.771,0.230,-34.668,-25.574,-4.272
0.725,-0.794,0.206,-7.385,-37.109,-41.443
0.712,-0.815,0.192,14.038,-42.603,-73.120
0.689,-0.819,0.195,24.841,-40.833,-90.454
0.661,-0.828,0.158,24.109,-33.630,-91.492
0.618,-0.858,0.047,12.329,-24.048,-75.623
0.616,-0.807,0.023,-12.024,-16.357,-45.471
0.640,-0.731,0.048,-36.377,-14.832,-12.512
0.712,-0.658,0.124,-52.979,-17.578,6.836
0.753,-0.697,0.207,-57.861,-23.621,6.348
0.747,-0.859,0.252,-50.659,-26.855,-3.784
0.719,-0.938,0.272,-37.415,-24.475,-12.573
0.688,-0.928,0.255,-20.569,-23.560,-14.221
0.686,-0.885,0.206,-5.981,-25.696,-9.949
0.705,-0.811,0.188,1.770,-26.794,-3.357
0.733,-0.705,0.203,2.563,-25.757,3.723
0.747,-0.633,0.223,-1.465,-22.949,7.935
0.747,-0.630,0.213,-7.263,-19.287,8.850
0.751,-0.634,0.202,-12.695,-16.052,9.338
0.754,-0.637,0.210,-16.846,-14.587,8.911
0.751,-0.648,0.215,-20.020,-13.733,8.118
0.754,-0.656,0.209,-23.071,-12.573,7.690
0.755,-0.671,0.231,-25.146,-11.963,7.629
0.747,-0.700,0.264,-22.400,-12.146,4.822
0.758,-0.728,0.275,-14.160,-12.329,-0.610
0.765,-0.734,0.275,-5.188,-12.085,-6.470
0.764,-0.735,0.262,2.197,-10.254,-12.756
0.751,-0.741,0.250,7.202,-7.996,-17.944
0.728,-0.755,0.234,8.911,-5.920,-20.264
0.711,-0.757,0.212,8.728,-4.395,-18.799
0.703,-0.739,0.190,6.165,-3.418,-14.343

0.832,-1.215,0.858,11.658,7.507,19.836
0.894,-1.344,1.036,16.174,12.756,28.320
0.960,-1.485,1.205,24.536,19.165,40.344
1.013,-1.661,1.366,34.058,29.968,52.795
1.030,-1.842,1.621,42.175,47.791,67.810
1.048,-2.070,2.004,43.640,70.923,88.867
1.101,-2.301,2.375,46.692,99.548,122.375
1.152,-2.405,2.690,60.974,132.080,168.823
1.160,-2.397,2.819,93.506,170.898,216.858
1.083,-2.221,2.706,142.517,208.618,253.784
0.890,-1.991,2.623,190.857,243.774,273.071
0.652,-1.792,2.537,230.530,277.100,281.921
0.512,-1.351,2.370,270.874,301.697,291.748
0.469,-1.040,2.237,300.537,309.021,294.739
0.399,-1.044,1.939,314.697,310.547,295.593
0.250,-0.876,1.745,303.528,321.777,315.857
0.105,-0.683,1.575,263.489,340.149,352.783
-0.148,-0.676,1.064,217.102,352.234,394.653
-0.546,-0.539,0.650,159.607,356.934,436.462
-0.653,-0.337,0.513,117.249,346.863,461.792
-0.545,-0.244,0.345,107.178,327.637,459.717
-0.569,-0.060,0.099,107.056,337.097,431.396
-0.935,0.432,0.009,113.831,382.019,371.704
-2.176,1.154,-0.097,146.667,456.909,260.864
-4.000,2.425,-0.543,228.210,559.448,87.463
-4.000,4.000,-1.656,369.019,608.704,-134.949
-4.000,4.000,-3.524,480.103,512.085,-315.979
-4.000,4.000,-4.000,404.785,294.128,-352.783
-4.000,4.000,-4.000,128.113,50.659,-236.877
-4.000,3.568,-2.103,-222.412,-193.359,-33.813
-2.187,1.712,0.349,-449.463,-399.475,154.175
0.226,0.879,1.584,-464.233,-497.314,258.850
2.624,0.415,1.908,-359.436,-472.168,258.301
4.000,-0.011,1.963,-238.220,-372.192,162.903
4.000,-0.690,1.988,-133.179,-254.456,16.296
4.000,-1.399,1.666,-43.030,-126.221,-116.760
4.000,-1.677,0.888,28.442,3.540,-193.481
3.505,-1.591,-0.105,77.698,101.807,-223.267
2.086,-1.337,-1.016,98.877,154.663,-218.384
0.854,-0.967,-1.589,90.088,168.762,-183.289
-0.073,-0.500,-1.829,56.458,148.926,-127.930
-0.652,0.012,-1.892,11.658,112.366,-63.293
-0.923,0.538,-1.833,-33.752,72.144,-4.150
-0.991,0.959,-1.715,-69.397,32.959,33.813
-0.933,1.174,-1.590,-83.130,-3.174,45.349
-0.795,1.209,-1.470,-78.186,-33.020,37.109
-0.580,1.094,-1.394,-61.462,-55.603,19.531
-0.368,0.935,-1.326,-46.448,-73.914,2.869
-0.182,0.800,-1.244,-33.508,-86.243,-10.620
-0.038,0.671,-1.162,-26.672,-95.459,-21.790
0.092,0.543,-1.085,-24.414,-103.088,-31.555
0.220,0.436,-1.023,-25.696,-109.009,-41.626
0.315,0.340,-0.963,-30.579,-113.892,-52.734
0.377,0.235,-0.901,-37.415,-119.385,-64.270
0.451,0.149,-0.783,-45.105,-128.113,-73.547
0.541,0.110,-0.668,-55.847,-140.930,-74.402
0.640,0.083,-0.535,-66.406,-151.306,-67.139
0.762,-0.010,-0.344,-73.853,-155.090,-58.289
0.822,-0.121,-0.134,-72.510,-149.109,-52.429
0.855,-0.178,-0.100,-55.542,-131.836,-48.157
0.856,-0.156,-0.202,-38.818,-115.601,-42.969
0.812,-0.120,-0.288,-30.518,-106.873,-40.833
0.756,-0.099,-0.337,-25.391,-103.943,-43.213
0.711,-0.073,-0.358,-20.569,-104.980,-46.997
0.668,-0.011,-0.375,-19.287,-108.337,-49.072
0.631,0.039,-0.418,-27.283,-110.291,-46.814
0.585,0.061,-0.417,-47.058,-111.511,-39.063
0.627,0.087,-0.353,-81.970,-116.333,-30.579
0.689,0.175,-0.275,-111.694,-127.014,-20.325
0.776,0.046,-0.178,-124.878,-133.911,-26.794
0.806,-0.226,0.066,-129.211,-132.385,-37.476
0.854,-0.387,0.241,-114.868,-116.333,-43.457
0.931,-0.443,0.263,-86.121,-97.473,-46.936
0.952,-0.434,0.168,-50.232,-87.341,-55.237
0.946,-0.415,0.063,-16.968,-85.938,-72.815
0.944,-0.364,0.042,6.348,-89.722,-93.445
0.951,-0.228,0.081,21.057,-94.238,-112.854
0.919,-0.195,0.026,20.142,-93.567,-127.991
0.827,-0.260,-0.104,-1.892,-84.961,-126.587
0.753,-0.298,-0.162,-42.053,-75.134,-105.530
0.759,-0.309,-0.140,-89.783,-70.557,-73.914
0.783,-0.323,-0.080,-130.310,-70.435,-43.579
0.847,-0.367,0.015,-154.968,-72.205,-23.987
0.877,-0.489,0.169,-156.860,-76.843,-21.667
0.912,-0.640,0.328,-132.263,-80.322,-36.133
0.912,-0.708,0.415,-91.675,-78.857,-56.824
0.888,-0.694,0.339,-43.884,-73.181,-74.524
0.813,-0.600,0.172,-4.272,-68.298,-86.182
0.747,-0.523,0.051,12.512,-67.200,-91.553
0.723,-0.443,0.027,7.996,-67.383,-86.548
0.709,-0.383,0.024,-8.911,-64.697,-70.862
0.715,-0.376,0.029,-32.532,-59.631,-53.650
0.746,-0.369,0.063,-54.504,-57.007,-42.908
0.781,-0.390,0.107,-70.679,-60.608,-42.542
0.828,-0.451,0.151,-80.627,-68.542,-49.744
0.857,-0.595,0.223,-84.595,-75.378,-59.265
0.844,-0.725,0.327,-80.933,-77.881,-63.782
0.862,-0.839,0.393,-67.078,-76.599,-59.143
0.882,-0.838,0.399,-49.072,-68.787,-45.776
0.862,-0.756,0.361,-34.058,-58.105,-30.212
0.828,-0.643,0.270,-22.583,-48.767,-16.663
0.804,-0.549,0.187,-17.334,-41.504,-6.958
0.810,-0.455,0.163,-16.479,-38.940,-3.479
0.792,-0.394,0.167,-18.005,-41.443,-9.827
0.780,-0.412,0.167,-20.508,-44.373,-23.254
0.786,-0.464,0.167,-24.414,-45.959,-35.278
0.796,-0.498,0.177,-30.090,-48.218,-42.053
0.799,-0.534,0.214,-35.461,-52.063,-44.434
0.797,-0.608,0.238,-36.865,-55.603,-43.945
0.815,-0.710,0.327,-34.180,-55.542,-39.978
0.855,-0.785,0.401,-31.067,-50.781,-29.724
0.879,-0.760,0.450,-28.137,-38.574,-13.977
0.897,-0.691,0.417,-23.254,-26.001,-1.709
0.895,-0.620,0.363,-16.724,-18.799,3.601
0.894,-0.586,0.326,-12.695,-16.663,2.075
0.888,-0.581,0.313,-10.620,-15.869,-3.296
0.894,-0.594,0.292,-7.751,-14.832,-9.949
0.882,-0.600,0.301,-7.751,-14.343,-17.273
0.855,-0.585,0.274,-7.080,-14.465,-19.958

0.943,-1.006,1.024,11.841,27.649,-0.488
1.015,-1.078,1.151,16.663,41.626,3.784
1.061,-1.172,1.289,20.020,56.946,4.944
1.085,-1.301,1.398,25.085,72.510,4.700
1.073,-1.427,1.506,35.217,85.754,6.897
1.040,-1.571,1.625,47.729,96.619,11.353
0.975,-1.691,1.774,58.167,105.042,18.494
0.916,-1.761,1.942,64.148,113.037,32.410
0.865,-1.792,2.027,70.862,121.704,56.396
0.829,-1.687,2.052,82.703,136.230,89.600
0.776,-1.545,2.030,93.140,158.020,121.338
0.645,-1.421,2.114,101.318,181.458,143.433
0.588,-1.354,2.239,118.774,199.463,160.461
0.624,-1.322,2.329,147.461,215.637,177.307
0.653,-1.327,2.464,178.406,240.723,194.397
0.560,-1.418,2.599,210.083,282.532,217.773
0.533,-1.449,2.480,246.338,333.252,253.967
0.452,-1.292,2.486,264.404,380.676,298.767
0.123,-1.168,2.435,262.817,423.523,341.187
-0.343,-0.900,2.375,252.686,459.900,382.141
-0.834,-0.574,1.938,240.967,488.953,428.467
-1.365,-0.217,1.057,225.037,515.747,473.816
-1.832,0.192,0.184,199.585,544.556,490.723
-2.380,0.678,-0.716,187.378,572.449,457.092
-3.286,1.076,-1.740,178.650,588.562,368.896
-4.000,1.610,-2.292,179.932,584.229,218.445
-4.000,2.760,-2.511,246.155,542.297,12.085
-4.000,4.000,-3.793,365.051,452.576,-177.246
-4.000,4.000,-4.000,394.287,261.536,-262.634
-4.000,4.000,-4.000,187.317,-2.197,-241.943
-3.915,3.641,-1.905,-141.235,-217.407,-115.845
-1.456,2.219,0.220,-345.947,-357.483,46.936
0.927,1.582,1.086,-358.826,-421.448,144.775
3.006,0.964,1.392,-285.828,-395.142,154.358
4.000,0.241,1.512,-204.529,-307.556,99.426
4.000,-0.535,1.490,-130.676,-201.599,10.681
4.000,-1.125,1.089,-56.946,-92.773,-73.975
3.886,-1.415,0.310,9.949,8.911,-127.197
2.742,-1.449,-0.554,50.415,82.153,-139.587
1.653,-1.217,-1.089,60.730,113.586,-122.681
0.679,-0.793,-1.363,57.251,115.295,-100.647
-0.178,-0.371,-1.651,53.162,105.774,-84.229
-0.782,-0.024,-1.942,37.781,89.355,-61.401
-1.105,0.285,-2.049,5.432,56.824,-26.672
-1.228,0.581,-2.010,-31.555,14.771,6.226
-1.204,0.786,-1.760,-55.359,-25.085,24.780
-1.012,0.921,-1.587,-71.960,-68.237,33.020
-0.781,0.994,-1.484,-76.965,-97.473,29.785
-0.572,0.956,-1.374,-76.538,-118.225,12.573
-0.359,0.866,-1.280,-70.435,-133.118,-11.963
-0.146,0.717,-1.203,-58.472,-144.348,-38.818
0.038,0.521,-1.128,-47.607,-155.640,-63.171
0.165,0.336,-1.035,-40.649,-168.274,-83.130
0.263,0.191,-0.969,-38.513,-177.979,-92.957
0.378,0.143,-0.891,-44.617,-188.599,-89.600
0.458,0.165,-0.771,-57.190,-202.026,-78.674
0.518,0.182,-0.659,-67.932,-212.891,-68.665
0.563,0.194,-0.533,-76.111,-217.957,-60.974
0.588,0.184,-0.339,-80.811,-215.698,-55.603
0.626,0.050,-0.177,-78.674,-200.562,-50.049
0.659,-0.023,-0.143,-75.439,-175.232,-39.978
0.663,-0.055,-0.189,-73.914,-149.109,-29.419
0.632,-0.040,-0.222,-74.951,-133.972,-21.484
0.641,0.003,-0.215,-73.669,-132.263,-19.958
0.686,0.008,-0.161,-66.772,-138.794,-30.457
0.736,-0.060,-0.020,-59.570,-147.827,-53.528
0.775,-0.166,0.139,-53.284,-155.090,-79.407
0.794,-0.212,0.228,-43.823,-157.471,-96.985
0.770,-0.216,0.209,-36.377,-154.297,-104.431
0.713,-0.205,0.132,-37.903,-145.691,-103.210
0.679,-0.173,0.091,-49.072,-134.521,-92.773
0.659,-0.144,0.104,-62.256,-126.587,-81.360
0.702,-0.164,0.159,-70.801,-125.061,-77.881
0.740,-0.200,0.254,-68.726,-126.282,-83.008
0.774,-0.252,0.387,-58.960,-126.404,-97.351
0.785,-0.333,0.470,-47.485,-123.962,-118.042
0.771,-0.396,0.448,-36.560,-117.554,-133.606
0.755,-0.435,0.391,-29.968,-109.680,-137.207
0.707,-0.496,0.377,-30.823,-102.661,-137.146
0.698,-0.620,0.364,-35.278,-95.276,-133.789
0.719,-0.679,0.358,-40.222,-87.524,-121.948
0.724,-0.691,0.381,-46.326,-82.520,-107.910
0.723,-0.694,0.436,-52.673,-81.055,-101.990
0.762,-0.705,0.483,-55.176,-81.482,-100.891
0.770,-0.689,0.544,-55.298,-80.811,-97.961
0.856,-0.723,0.502,-49.011,-73.364,-99.792
0.815,-0.785,0.504,-45.715,-66.650,-115.295
0.758,-0.777,0.447,-36.133,-59.021,-111.023
0.787,-0.894,0.409,-31.189,-54.077,-107.361
0.800,-1.037,0.431,-32.593,-47.852,-98.267
0.776,-1.112,0.445,-36.682,-37.537,-77.026
0.775,-1.108,0.441,-39.124,-29.297,-48.706
0.794,-1.058,0.418,-37.720,-26.672,-22.156
0.840,-0.947,0.351,-34.363,-26.001,-2.869
0.848,-0.911,0.321,-32.776,-25.024,2.747
0.823,-0.873,0.288,-30.579,-25.146,4.639
0.851,-0.805,0.298,-27.527,-25.879,2.991
0.838,-0.801,0.305,-23.254,-25.818,-2.136
0.847,-0.775,0.301,-17.212,-24.780,-5.554
0.857,-0.751,0.301,-12.573,-24.475,-5.798
0.876,-0.715,0.282,-9.888,-21.912,-3.784
0.882,-0.686,0.269,-11.475,-18.616,-2.869
0.876,-0.667,0.254,-13.306,-15.747,-2.258
0.878,-0.662,0.217,-14.526,-13.306,-1.343
0.867,-0.641,0.186,-17.212,-11.597,0.671
0.833,-0.623,0.180,-21.667,-11.230,4.150
0.839,-0.609,0.181,-25.818,-11.475,7.751
0.849,-0.637,0.226,-28.320,-12.207,10.010
0.885,-0.631,0.247,-26.489,-12.024,12.024
0.899,-0.656,0.282,-20.691,-9.644,7.935
0.872,-0.647,0.278,-14.832,-6.958,4.028
0.861,-0.617,0.247,-6.714,-4.883,-0.122
0.849,-0.610,0.227,-0.916,-3.967,-3.479
0.847,-0.590,0.212,1.709,-3.967,-5.127
0.833,-0.564,0.208,1.648,-3.357,-7.202
0.824,-0.560,0.188,0.000,-2.380,-9.033
0.811,-0.575,0.176,-2.563,-1.770,-9.827
0.797,-0.592,0.172,-5.249,-1.221,-8.179
0.767,-0.647,0.178,-7.019,-1.160,-6.592

1.047,-0.766,0.857,-30.640,22.705,113.281
1.070,-0.749,0.885,-15.503,28.564,104.370
1.069,-0.745,0.932,2.136,32.349,86.975
1.079,-0.766,1.008,19.836,34.119,66.406
1.115,-0.843,1.086,34.241,37.598,47.668
1.109,-0.912,1.150,46.082,46.265,36.865
1.077,-0.959,1.198,53.284,57.617,34.485
1.068,-1.000,1.207,58.044,68.176,37.842
1.065,-1.020,1.198,64.148,77.148,47.302
1.054,-1.037,1.187,68.054,85.571,60.669
1.059,-1.042,1.305,68.604,93.445,77.393
1.077,-1.094,1.622,67.017,99.243,93.445
1.135,-1.194,1.990,69.519,106.506,105.225
1.280,-1.281,2.144,85.266,122.803,117.188
1.296,-1.266,2.177,105.713,146.484,130.493
1.250,-1.221,2.164,123.108,178.101,142.395
1.180,-1.154,2.304,133.179,209.229,153.931
1.073,-1.143,2.317,150.208,230.164,172.485
0.916,-1.036,2.213,162.842,249.817,197.937
0.728,-0.918,2.158,156.799,273.376,227.722
0.513,-0.857,1.983,135.803,299.866,267.090
0.286,-0.777,1.765,100.586,329.529,316.284
0.080,-0.581,1.736,53.894,364.746,372.559
-0.173,-0.390,1.476,11.719,403.809,418.518
-0.703,-0.187,0.938,-29.175,446.716,441.956
-1.393,0.000,0.033,-59.753,493.408,435.913
-2.166,0.175,-0.940,-59.265,519.531,391.968
-3.228,0.444,-1.887,-49.561,519.043,315.063
-4.000,0.689,-2.820,-7.446,528.381,199.890
-4.000,1.399,-3.463,92.041,546.814,45.044
-4.000,2.656,-4.000,219.788,541.809,-114.868
-4.000,3.890,-4.000,307.556,437.927,-226.562
-4.000,4.000,-4.000,259.338,180.664,-248.474
-3.978,2.987,-4.000,24.902,-131.958,-183.899
-1.785,1.091,-1.367,-310.669,-375.183,-60.425
0.555,-0.117,1.542,-482.910,-485.779,73.853
2.834,-0.376,2.836,-366.211,-461.060,164.795
4.000,-0.296,2.450,-145.874,-329.041,158.691
4.000,-0.333,1.796,-18.005,-162.415,72.510
4.000,-0.720,1.347,23.254,-40.710,-24.963
4.000,-1.193,0.807,44.739,42.053,-84.412
3.424,-1.333,0.141,63.782,116.333,-86.853
1.992,-1.064,-0.581,71.594,170.898,-48.340
0.646,-0.573,-1.302,66.345,190.308,0.427
-0.299,-0.044,-1.815,47.729,179.077,38.025
-0.947,0.377,-1.984,18.738,144.470,55.298
-1.368,0.669,-2.000,-4.944,97.656,52.795
-1.599,0.880,-2.058,-13.794,50.842,39.124
-1.593,1.001,-1.985,-8.667,5.371,24.658
-1.286,1.044,-1.857,-16.174,-44.922,17.822
-0.786,1.086,-1.553,-27.039,-85.205,17.090
-0.254,1.055,-1.206,-34.973,-111.023,14.404
0.172,0.951,-0.949,-35.950,-118.408,2.869
0.405,0.765,-0.870,-27.039,-109.375,-20.386
0.507,0.570,-0.962,-13.794,-94.910,-47.485
0.449,0.409,-1.098,-5.249,-83.923,-70.129
0.324,0.306,-1.246,-3.235,-78.613,-84.229
0.247,0.235,-1.342,-6.165,-80.627,-90.454
0.130,0.145,-1.358,-15.564,-91.431,-88.562
0.059,0.026,-1.338,-33.264,-104.675,-72.266
0.090,-0.044,-1.274,-59.204,-119.934,-38.940
0.132,-0.035,-1.193,-84.290,-138.855,4.028
0.228,0.009,-1.069,-102.478,-159.729,39.368
0.337,0.064,-0.909,-106.689,-180.298,56.519
0.460,0.129,-0.725,-95.032,-197.144,55.298
0.618,0.204,-0.518,-75.500,-206.482,40.344
0.762,0.291,-0.299,-54.932,-207.275,15.564
0.829,0.345,-0.128,-27.527,-200.806,-20.325
0.821,0.308,-0.084,8.362,-189.514,-63.416
0.837,0.166,-0.112,26.550,-179.993,-92.407
0.831,0.012,-0.099,17.456,-176.208,-91.309
0.841,-0.104,-0.015,-11.902,-169.800,-58.289
0.809,-0.145,0.006,-49.255,-150.696,-1.404
0.841,-0.092,-0.018,-85.449,-123.474,64.453
0.949,0.027,-0.004,-110.840,-106.506,114.868
1.025,0.214,0.079,-107.910,-110.779,122.925
1.075,0.346,0.167,-74.951,-130.066,79.163
1.037,0.343,0.247,-26.428,-152.466,-5.737
0.947,0.131,0.294,23.682,-165.955,-100.220
0.790,-0.136,0.251,67.322,-165.833,-170.288
0.668,-0.382,0.167,90.820,-156.189,-197.876
0.595,-0.497,0.086,85.327,-144.104,-175.781
0.552,-0.465,0.047,54.565,-129.700,-108.093
0.590,-0.303,0.026,-1.892,-107.117,-16.296
0.725,-0.080,0.112,-61.707,-85.266,68.604
0.917,0.168,0.349,-101.318,-72.754,117.188
1.102,0.322,0.550,-102.356,-70.557,111.938
1.152,0.366,0.617,-68.237,-74.829,59.692
1.095,0.280,0.556,-20.020,-79.468,-23.254
0.954,0.110,0.423,28.198,-82.336,-110.596
0.812,-0.165,0.287,60.669,-87.891,-173.096
0.752,-0.487,0.220,67.139,-91.675,-190.186
0.768,-0.661,0.232,48.767,-85.449,-153.137
0.822,-0.619,0.228,15.320,-69.763,-75.378
0.890,-0.452,0.212,-30.151,-48.828,10.620
0.980,-0.214,0.261,-72.266,-32.410,77.393
1.117,-0.037,0.351,-90.027,-25.574,104.187
1.195,0.056,0.420,-86.304,-27.527,90.698
1.192,0.026,0.449,-64.636,-31.982,47.974
1.135,-0.073,0.414,-34.302,-33.264,-3.784
1.067,-0.190,0.360,-7.568,-32.593,-48.218
1.020,-0.278,0.276,13.550,-31.372,-72.693
0.987,-0.311,0.176,26.733,-30.518,-75.256
0.978,-0.324,0.125,26.733,-28.992,-62.927
0.967,-0.299,0.115,17.700,-24.902,-41.077
0.986,-0.263,0.093,5.737,-17.822,-16.235
0.992,-0.222,0.056,-5.676,-10.742,6.897
1.024,-0.112,0.001,-14.648,-5.371,24.841
1.024,-0.057,0.029,-21.240,-6.287,26.306
1.018,-0.056,0.079,-25.208,-9.277,20.630
1.014,-0.056,0.079,-21.240,-10.132,13.733
1.043,-0.073,0.044,-12.268,-11.658,3.113
1.051,-0.104,0.041,-7.263,-15.320,-9.705
1.052,-0.143,0.082,-8.179,-18.860,-17.883
1.046,-0.161,0.108,-7.263,-20.935,-20.874
1.059,-0.195,0.126,-4.944,-20.447,-20.142
1.070,-0.236,0.147,-4.150,-18.982,-15.564
1.073,-0.251,0.157,-3.235,-14.832,-6.958
1.072,-0.243,0.160,-3.662,-9.338,2.991

